{
    "loss": 0.6406206488609314,
    "accuracy": 0.7319819927215576
}